WikidataURI,EventName,StartDate,EndDate,EventType,City,Attendance
http://www.wikidata.org/entity/Q12723354,2010 European Women's Artistic Gymnastics Championships,2010-01-01,,Sports,Birmingham,"6,500"
http://www.wikidata.org/entity/Q2093779,2010 European Men's Artistic Gymnastics Championships,2010-01-01,,Sports,Birmingham,"7,200"
,Crufts Dog Show,2010-03-20,2010-03-21,Fictitious,Birmingham,"152,854"
http://www.wikidata.org/entity/Q2954531,2010 European Artistic Gymnastics Championships,2010-04-21,2010-05-02,Sports,Birmingham,"12,000"
,Birmingham Pride,2010-05-20,2010-05-27,Fictitious,Birmingham,"42,394"
,Birmingham NEC Motor Show,2010-05-22,2010-05-28,Fictitious,Birmingham,"52,977"
,Birmingham International Jazz and Blues Festival,2010-07-09,2010-07-12,Fictitious,Birmingham,"18,375"
,Brindleyplace Canal Festival,2010-08-07,2010-08-14,Fictitious,Birmingham,"32,939"
,Artsfest Birmingham,2010-09-14,2010-09-21,Fictitious,Birmingham,"63,741"
,Birmingham Literature Festival,2010-10-04,2010-10-11,Fictitious,Birmingham,"21,809"
,Birmingham International Marathon,2010-10-26,2010-10-27,Fictitious,Birmingham,"11,274"
,Frankfurt Christmas Market Birmingham,2010-11-08,2010-11-15,Fictitious,Birmingham,"797,111"
http://www.wikidata.org/entity/Q2955685,2011 Trampoline World Championships,2011-01-01,,Sports,Birmingham,"5,000"
,Crufts Dog Show,2011-03-28,2011-03-28,Fictitious,Birmingham,"145,585"
,Birmingham NEC Motor Show,2011-05-06,2011-05-13,Fictitious,Birmingham,"51,386"
,Birmingham Pride,2011-05-08,2011-05-15,Fictitious,Birmingham,"43,500"
,Birmingham International Jazz and Blues Festival,2011-07-15,2011-07-18,Fictitious,Birmingham,"20,248"
,Brindleyplace Canal Festival,2011-08-23,2011-08-28,Fictitious,Birmingham,"34,462"
http://www.wikidata.org/entity/Q3631116,2011 Birmingham Grand Prix,2011-08-26,,Sports,Birmingham,"19,000"
,Artsfest Birmingham,2011-09-10,2011-09-17,Fictitious,Birmingham,"67,726"
,Birmingham International Marathon,2011-10-06,2011-10-07,Fictitious,Birmingham,"12,827"
,Birmingham Literature Festival,2011-10-09,2011-10-16,Fictitious,Birmingham,"18,457"
,Frankfurt Christmas Market Birmingham,2011-11-07,2011-11-14,Fictitious,Birmingham,"878,068"
http://www.wikidata.org/entity/Q733526,2012 UCI BMX World Championships,2012-01-01,2012-05-27,Sports,Birmingham,"22,000"
,Crufts Dog Show,2012-03-10,2012-03-11,Fictitious,Birmingham,"160,273"
,Birmingham NEC Motor Show,2012-05-10,2012-05-17,Fictitious,Birmingham,"48,872"
,Birmingham Pride,2012-05-26,2012-05-28,Fictitious,Birmingham,"42,983"
,Birmingham International Jazz and Blues Festival,2012-07-14,2012-07-17,Fictitious,Birmingham,"20,292"
http://www.wikidata.org/entity/Q2502735,2012 FA Community Shield,2012-08-12,,Sports,Birmingham,"78,000"
,Brindleyplace Canal Festival,2012-08-17,2012-08-24,Fictitious,Birmingham,"38,574"
http://www.wikidata.org/entity/Q9162952,2012 British Grand Prix,2012-08-26,,Sports,Birmingham,"20,000"
http://www.wikidata.org/entity/Q124044088,Recent Appointees in Polymer Science 2012,2012-09-12,2012-09-12,Sports,Birmingham,200
,Artsfest Birmingham,2012-09-26,2012-09-28,Fictitious,Birmingham,"77,932"
,Birmingham International Marathon,2012-10-04,2012-10-05,Fictitious,Birmingham,"11,661"
,Birmingham Literature Festival,2012-10-09,2012-10-16,Fictitious,Birmingham,"17,783"
,Frankfurt Christmas Market Birmingham,2012-11-09,2012-11-16,Fictitious,Birmingham,"978,700"
,Crufts Dog Show,2013-03-22,2013-03-23,Fictitious,Birmingham,"156,482"
,Birmingham Pride,2013-05-14,2013-05-21,Fictitious,Birmingham,"35,437"
,Birmingham NEC Motor Show,2013-05-27,2013-05-28,Fictitious,Birmingham,"44,004"
http://www.wikidata.org/entity/Q14329777,2013 British Grand Prix,2013-06-30,,Sports,Birmingham,"20,000"
,Birmingham International Jazz and Blues Festival,2013-07-04,2013-07-07,Fictitious,Birmingham,"17,961"
,Brindleyplace Canal Festival,2013-08-18,2013-08-25,Fictitious,Birmingham,"36,569"
,Artsfest Birmingham,2013-09-02,2013-09-09,Fictitious,Birmingham,"76,701"
,Birmingham International Marathon,2013-10-02,2013-10-03,Fictitious,Birmingham,"13,032"
,Birmingham Literature Festival,2013-10-20,2013-10-27,Fictitious,Birmingham,"19,685"
,Frankfurt Christmas Market Birmingham,2013-11-25,2013-11-28,Fictitious,Birmingham,"852,290"
,Crufts Dog Show,2014-03-13,2014-03-14,Fictitious,Birmingham,"167,572"
,Birmingham NEC Motor Show,2014-05-10,2014-05-17,Fictitious,Birmingham,"46,522"
,Birmingham Pride,2014-05-24,2014-05-28,Fictitious,Birmingham,"44,075"
,Birmingham International Jazz and Blues Festival,2014-07-23,2014-07-26,Fictitious,Birmingham,"21,938"
http://www.wikidata.org/entity/Q16530764,2014 British Grand Prix,2014-08-24,,Sports,Birmingham,"20,000"
,Brindleyplace Canal Festival,2014-08-24,2014-08-28,Fictitious,Birmingham,"36,991"
,Artsfest Birmingham,2014-09-07,2014-09-14,Fictitious,Birmingham,"73,058"
,Birmingham International Marathon,2014-10-08,2014-10-09,Fictitious,Birmingham,"11,134"
,Birmingham Literature Festival,2014-10-24,2014-10-28,Fictitious,Birmingham,"21,374"
,Frankfurt Christmas Market Birmingham,2014-11-21,2014-11-28,Fictitious,Birmingham,"902,031"
,Crufts Dog Show,2015-03-18,2015-03-19,Fictitious,Birmingham,"145,687"
,Birmingham Pride,2015-05-26,2015-05-28,Fictitious,Birmingham,"44,135"
,Birmingham NEC Motor Show,2015-05-26,2015-05-28,Fictitious,Birmingham,"50,959"
,Birmingham International Jazz and Blues Festival,2015-07-18,2015-07-21,Fictitious,Birmingham,"17,772"
,Brindleyplace Canal Festival,2015-08-07,2015-08-14,Fictitious,Birmingham,"33,859"
,Artsfest Birmingham,2015-09-22,2015-09-28,Fictitious,Birmingham,"63,326"
,Birmingham Literature Festival,2015-10-14,2015-10-21,Fictitious,Birmingham,"20,509"
,Birmingham International Marathon,2015-10-15,2015-10-16,Fictitious,Birmingham,"11,567"
,Frankfurt Christmas Market Birmingham,2015-11-22,2015-11-28,Fictitious,Birmingham,"1,003,928"
,Crufts Dog Show,2016-03-14,2016-03-15,Fictitious,Birmingham,"166,333"
,Birmingham NEC Motor Show,2016-05-21,2016-05-28,Fictitious,Birmingham,"47,866"
,Birmingham Pride,2016-05-26,2016-05-28,Fictitious,Birmingham,"41,631"
http://www.wikidata.org/entity/Q24251370,2016 Birmingham Grand Prix,2016-06-05,,Sports,Birmingham,"19,000"
,Birmingham International Jazz and Blues Festival,2016-07-12,2016-07-15,Fictitious,Birmingham,"20,396"
,Brindleyplace Canal Festival,2016-08-03,2016-08-10,Fictitious,Birmingham,"38,770"
,Artsfest Birmingham,2016-09-25,2016-09-28,Fictitious,Birmingham,"71,006"
,Birmingham Literature Festival,2016-10-17,2016-10-24,Fictitious,Birmingham,"18,155"
,Birmingham International Marathon,2016-10-27,2016-10-28,Fictitious,Birmingham,"12,850"
,Frankfurt Christmas Market Birmingham,2016-11-18,2016-11-25,Fictitious,Birmingham,"863,528"
,Brighton Half Marathon,2010-02-23,2010-02-24,Fictitious,Brighton,"6,547"
,Brighton Marathon,2010-04-12,2010-04-13,Fictitious,Brighton,"10,758"
,Great Escape Festival Brighton,2010-05-23,2010-05-26,Fictitious,Brighton,"32,380"
,Brighton Festival,2010-05-27,2010-05-28,Fictitious,Brighton,"398,201"
,Brighton Pride,2010-08-23,2010-08-28,Fictitious,Brighton,"145,198"
,Brighton Food and Drink Festival,2010-09-17,2010-09-24,Fictitious,Brighton,"38,909"
,Digital Brighton,2010-11-03,2010-11-10,Fictitious,Brighton,"9,506"
,Brighton Christmas Market,2010-11-10,2010-11-17,Fictitious,Brighton,"141,050"
,Burning the Clocks Brighton,2010-12-15,2010-12-22,Fictitious,Brighton,"18,770"
,Snowball Music Festival Brighton,2010-12-20,2010-12-23,Fictitious,Brighton,"7,583"
,Brighton Half Marathon,2011-02-18,2011-02-19,Fictitious,Brighton,"5,294"
,Brighton Marathon,2011-04-21,2011-04-22,Fictitious,Brighton,"11,542"
,Brighton Festival,2011-05-05,2011-05-12,Fictitious,Brighton,"421,762"
,Great Escape Festival Brighton,2011-05-08,2011-05-11,Fictitious,Brighton,"27,133"
,Brighton Pride,2011-08-27,2011-08-28,Fictitious,Brighton,"147,088"
,Brighton Food and Drink Festival,2011-09-09,2011-09-16,Fictitious,Brighton,"35,973"
,Brighton Christmas Market,2011-11-04,2011-11-11,Fictitious,Brighton,"157,966"
,Digital Brighton,2011-11-13,2011-11-20,Fictitious,Brighton,"10,460"
,Snowball Music Festival Brighton,2011-12-04,2011-12-07,Fictitious,Brighton,"8,638"
,Burning the Clocks Brighton,2011-12-15,2011-12-22,Fictitious,Brighton,"20,335"
,Brighton Half Marathon,2012-02-07,2012-02-08,Fictitious,Brighton,"5,403"
,Brighton Marathon,2012-04-28,2012-04-28,Fictitious,Brighton,"11,769"
,Brighton Festival,2012-05-16,2012-05-23,Fictitious,Brighton,"468,301"
,Great Escape Festival Brighton,2012-05-25,2012-05-28,Fictitious,Brighton,"28,571"
,Brighton Pride,2012-08-10,2012-08-17,Fictitious,Brighton,"144,950"
,Brighton Food and Drink Festival,2012-09-18,2012-09-25,Fictitious,Brighton,"37,306"
,Digital Brighton,2012-11-10,2012-11-17,Fictitious,Brighton,"10,393"
,Brighton Christmas Market,2012-11-11,2012-11-18,Fictitious,Brighton,"136,303"
,Snowball Music Festival Brighton,2012-12-10,2012-12-13,Fictitious,Brighton,"7,476"
,Burning the Clocks Brighton,2012-12-22,2012-12-28,Fictitious,Brighton,"19,419"
,Brighton Half Marathon,2013-02-24,2013-02-25,Fictitious,Brighton,"5,865"
,Brighton Marathon,2013-04-16,2013-04-17,Fictitious,Brighton,"10,863"
,Brighton Festival,2013-05-19,2013-05-26,Fictitious,Brighton,"498,357"
,Great Escape Festival Brighton,2013-05-22,2013-05-25,Fictitious,Brighton,"30,722"
,Brighton Pride,2013-08-01,2013-08-08,Fictitious,Brighton,"176,469"
,Brighton Food and Drink Festival,2013-09-15,2013-09-22,Fictitious,Brighton,"34,458"
,Digital Brighton,2013-11-12,2013-11-19,Fictitious,Brighton,"9,935"
,Brighton Christmas Market,2013-11-18,2013-11-25,Fictitious,Brighton,"166,231"
,Burning the Clocks Brighton,2013-12-01,2013-12-08,Fictitious,Brighton,"19,972"
,Snowball Music Festival Brighton,2013-12-06,2013-12-09,Fictitious,Brighton,"7,620"
,Brighton Half Marathon,2014-02-18,2014-02-19,Fictitious,Brighton,"6,371"
,Brighton Marathon,2014-04-12,2014-04-13,Fictitious,Brighton,"12,390"
,Great Escape Festival Brighton,2014-05-04,2014-05-07,Fictitious,Brighton,"32,132"
,Brighton Festival,2014-05-15,2014-05-22,Fictitious,Brighton,"471,542"
,Brighton Pride,2014-08-19,2014-08-26,Fictitious,Brighton,"166,810"
,Brighton Food and Drink Festival,2014-09-24,2014-09-28,Fictitious,Brighton,"35,776"
,Digital Brighton,2014-11-17,2014-11-24,Fictitious,Brighton,"9,625"
,Brighton Christmas Market,2014-11-23,2014-11-28,Fictitious,Brighton,"138,665"
,Burning the Clocks Brighton,2014-12-11,2014-12-18,Fictitious,Brighton,"18,472"
,Snowball Music Festival Brighton,2014-12-23,2014-12-26,Fictitious,Brighton,"8,065"
,Brighton Half Marathon,2015-02-23,2015-02-24,Fictitious,Brighton,"5,965"
,Brighton Marathon,2015-04-27,2015-04-28,Fictitious,Brighton,"11,884"
,Great Escape Festival Brighton,2015-05-19,2015-05-22,Fictitious,Brighton,"32,034"
,Brighton Festival,2015-05-25,2015-05-28,Fictitious,Brighton,"435,840"
,Brighton Pride,2015-08-13,2015-08-20,Fictitious,Brighton,"156,031"
,Brighton Food and Drink Festival,2015-09-11,2015-09-18,Fictitious,Brighton,"37,954"
,Brighton Christmas Market,2015-11-07,2015-11-14,Fictitious,Brighton,"158,589"
,Digital Brighton,2015-11-24,2015-11-28,Fictitious,Brighton,"10,120"
,Burning the Clocks Brighton,2015-12-07,2015-12-14,Fictitious,Brighton,"19,303"
,Snowball Music Festival Brighton,2015-12-09,2015-12-12,Fictitious,Brighton,"7,127"
,Brighton Half Marathon,2016-02-23,2016-02-24,Fictitious,Brighton,"5,986"
,Brighton Marathon,2016-04-05,2016-04-06,Fictitious,Brighton,"11,814"
,Great Escape Festival Brighton,2016-05-12,2016-05-15,Fictitious,Brighton,"30,235"
,Brighton Festival,2016-05-20,2016-05-27,Fictitious,Brighton,"461,582"
,Brighton Pride,2016-08-23,2016-08-28,Fictitious,Brighton,"148,415"
,Brighton Food and Drink Festival,2016-09-27,2016-09-28,Fictitious,Brighton,"38,650"
,Brighton Christmas Market,2016-11-09,2016-11-16,Fictitious,Brighton,"158,085"
,Digital Brighton,2016-11-12,2016-11-19,Fictitious,Brighton,"10,486"
,Snowball Music Festival Brighton,2016-12-02,2016-12-05,Fictitious,Brighton,"8,102"
,Burning the Clocks Brighton,2016-12-09,2016-12-16,Fictitious,Brighton,"19,233"
,Cambridge Science Festival,2010-03-10,2010-03-17,Fictitious,Cambridge,"26,217"
,Cambridge Half Marathon,2010-03-21,2010-03-22,Fictitious,Cambridge,"6,514"
,Cambridge Literary Festival,2010-04-09,2010-04-16,Fictitious,Cambridge,"10,783"
,Cambridge Beer Festival,2010-05-13,2010-05-20,Fictitious,Cambridge,"44,910"
,Strawberry Fair Cambridge,2010-06-15,2010-06-18,Fictitious,Cambridge,"13,517"
,Cambridge Junction Music Events,2010-06-17,2010-06-20,Fictitious,Cambridge,"5,047"
,Cambridge Summer Music Festival,2010-07-01,2010-07-04,Fictitious,Cambridge,"8,959"
,Cambridge Folk Festival,2010-07-05,2010-07-08,Fictitious,Cambridge,"13,430"
,Cambridge Film Festival,2010-10-26,2010-10-28,Fictitious,Cambridge,"20,568"
,Cambridge Christmas Market,2010-11-03,2010-11-10,Fictitious,Cambridge,"79,424"
,Cambridge Science Festival,2011-03-15,2011-03-22,Fictitious,Cambridge,"22,427"
,Cambridge Half Marathon,2011-03-22,2011-03-23,Fictitious,Cambridge,"6,296"
,Cambridge Literary Festival,2011-04-03,2011-04-10,Fictitious,Cambridge,"8,943"
,Cambridge Beer Festival,2011-05-19,2011-05-26,Fictitious,Cambridge,"46,398"
,Strawberry Fair Cambridge,2011-06-09,2011-06-12,Fictitious,Cambridge,"14,363"
,Cambridge Junction Music Events,2011-06-15,2011-06-18,Fictitious,Cambridge,"4,496"
,Cambridge Summer Music Festival,2011-07-22,2011-07-25,Fictitious,Cambridge,"8,617"
,Cambridge Folk Festival,2011-07-25,2011-07-28,Fictitious,Cambridge,"12,971"
,Cambridge Film Festival,2011-10-25,2011-10-28,Fictitious,Cambridge,"20,108"
,Cambridge Christmas Market,2011-11-14,2011-11-21,Fictitious,Cambridge,"76,799"
,Cambridge Half Marathon,2012-03-08,2012-03-09,Fictitious,Cambridge,"6,452"
,Cambridge Science Festival,2012-03-08,2012-03-15,Fictitious,Cambridge,"27,543"
,Cambridge Literary Festival,2012-04-26,2012-04-28,Fictitious,Cambridge,"9,538"
,Cambridge Beer Festival,2012-05-02,2012-05-09,Fictitious,Cambridge,"41,238"
,Cambridge Junction Music Events,2012-06-02,2012-06-05,Fictitious,Cambridge,"5,467"
,Strawberry Fair Cambridge,2012-06-25,2012-06-28,Fictitious,Cambridge,"14,655"
,Cambridge Summer Music Festival,2012-07-19,2012-07-22,Fictitious,Cambridge,"7,117"
,Cambridge Folk Festival,2012-07-28,2012-07-28,Fictitious,Cambridge,"11,478"
,Cambridge Film Festival,2012-10-15,2012-10-22,Fictitious,Cambridge,"21,960"
,Cambridge Christmas Market,2012-11-22,2012-11-28,Fictitious,Cambridge,"72,408"
,Cambridge Half Marathon,2013-03-03,2013-03-04,Fictitious,Cambridge,"6,422"
,Cambridge Science Festival,2013-03-26,2013-03-28,Fictitious,Cambridge,"26,747"
,Cambridge Literary Festival,2013-04-24,2013-04-28,Fictitious,Cambridge,"10,778"
,Cambridge Beer Festival,2013-05-26,2013-05-28,Fictitious,Cambridge,"45,678"
,Strawberry Fair Cambridge,2013-06-17,2013-06-20,Fictitious,Cambridge,"16,169"
,Cambridge Junction Music Events,2013-06-24,2013-06-27,Fictitious,Cambridge,"4,786"
,Cambridge Folk Festival,2013-07-10,2013-07-13,Fictitious,Cambridge,"12,904"
,Cambridge Summer Music Festival,2013-07-25,2013-07-28,Fictitious,Cambridge,"7,376"
,Cambridge Film Festival,2013-10-10,2013-10-17,Fictitious,Cambridge,"21,728"
,Cambridge Christmas Market,2013-11-06,2013-11-13,Fictitious,Cambridge,"76,732"
,Cambridge Half Marathon,2014-03-14,2014-03-15,Fictitious,Cambridge,"6,916"
,Cambridge Science Festival,2014-03-19,2014-03-26,Fictitious,Cambridge,"25,967"
,Cambridge Literary Festival,2014-04-10,2014-04-17,Fictitious,Cambridge,"9,853"
,Cambridge Beer Festival,2014-05-10,2014-05-17,Fictitious,Cambridge,"40,519"
,Strawberry Fair Cambridge,2014-06-01,2014-06-04,Fictitious,Cambridge,"15,567"
,Cambridge Junction Music Events,2014-06-09,2014-06-12,Fictitious,Cambridge,"4,431"
,Cambridge Folk Festival,2014-07-15,2014-07-18,Fictitious,Cambridge,"12,503"
,Cambridge Summer Music Festival,2014-07-17,2014-07-20,Fictitious,Cambridge,"8,290"
,Cambridge Film Festival,2014-10-14,2014-10-21,Fictitious,Cambridge,"19,065"
,Cambridge Christmas Market,2014-11-23,2014-11-28,Fictitious,Cambridge,"79,913"
,Cambridge Science Festival,2015-03-07,2015-03-14,Fictitious,Cambridge,"24,550"
,Cambridge Half Marathon,2015-03-20,2015-03-21,Fictitious,Cambridge,"6,949"
,Cambridge Literary Festival,2015-04-15,2015-04-22,Fictitious,Cambridge,"10,452"
,Cambridge Beer Festival,2015-05-08,2015-05-15,Fictitious,Cambridge,"40,879"
,Cambridge Junction Music Events,2015-06-08,2015-06-11,Fictitious,Cambridge,"5,554"
,Strawberry Fair Cambridge,2015-06-18,2015-06-21,Fictitious,Cambridge,"14,863"
,Cambridge Folk Festival,2015-07-02,2015-07-05,Fictitious,Cambridge,"12,227"
,Cambridge Summer Music Festival,2015-07-09,2015-07-12,Fictitious,Cambridge,"7,388"
,Cambridge Film Festival,2015-10-20,2015-10-27,Fictitious,Cambridge,"17,889"
,Cambridge Christmas Market,2015-11-22,2015-11-28,Fictitious,Cambridge,"88,547"
,Cambridge Half Marathon,2016-03-02,2016-03-03,Fictitious,Cambridge,"6,548"
,Cambridge Science Festival,2016-03-18,2016-03-25,Fictitious,Cambridge,"23,348"
,Cambridge Literary Festival,2016-04-23,2016-04-28,Fictitious,Cambridge,"9,766"
,Cambridge Beer Festival,2016-05-25,2016-05-28,Fictitious,Cambridge,"44,094"
,Strawberry Fair Cambridge,2016-06-02,2016-06-05,Fictitious,Cambridge,"13,875"
,Cambridge Junction Music Events,2016-06-27,2016-06-28,Fictitious,Cambridge,"5,432"
,Cambridge Summer Music Festival,2016-07-19,2016-07-22,Fictitious,Cambridge,"7,876"
,Cambridge Folk Festival,2016-07-28,2016-07-28,Fictitious,Cambridge,"12,930"
,Cambridge Film Festival,2016-10-24,2016-10-28,Fictitious,Cambridge,"18,076"
,Cambridge Christmas Market,2016-11-27,2016-11-28,Fictitious,Cambridge,"85,001"
,Tour de Yorkshire,2010-04-01,2010-04-02,Fictitious,Leeds,"180,029"
,Leeds 10K,2010-05-09,2010-05-10,Fictitious,Leeds,"8,643"
,Leeds Half Marathon,2010-05-13,2010-05-14,Fictitious,Leeds,"10,985"
,Reading Festival Leeds,2010-08-01,2010-08-04,Fictitious,Leeds,"94,031"
,Leeds West Indian Carnival,2010-08-08,2010-08-11,Fictitious,Leeds,"94,590"
,Leeds Festival,2010-08-15,2010-08-18,Fictitious,Leeds,"93,793"
,Leeds Pride,2010-08-18,2010-08-25,Fictitious,Leeds,"32,893"
,Leeds Food and Drink Festival,2010-09-14,2010-09-21,Fictitious,Leeds,"24,445"
,Light Night Leeds,2010-10-14,2010-10-21,Fictitious,Leeds,"64,760"
,Leeds Christmas Markets,2010-11-14,2010-11-21,Fictitious,Leeds,"249,138"
,Leeds International Film Festival,2010-11-22,2010-11-28,Fictitious,Leeds,"28,635"
,Tour de Yorkshire,2011-04-14,2011-04-15,Fictitious,Leeds,"182,513"
,Leeds Half Marathon,2011-05-08,2011-05-09,Fictitious,Leeds,"10,069"
,Leeds 10K,2011-05-16,2011-05-17,Fictitious,Leeds,"7,077"
,Leeds West Indian Carnival,2011-08-03,2011-08-06,Fictitious,Leeds,"105,125"
,Reading Festival Leeds,2011-08-10,2011-08-13,Fictitious,Leeds,"90,170"
,Leeds Festival,2011-08-17,2011-08-20,Fictitious,Leeds,"89,420"
,Leeds Pride,2011-08-28,2011-08-28,Fictitious,Leeds,"31,819"
,Leeds Food and Drink Festival,2011-09-18,2011-09-25,Fictitious,Leeds,"24,795"
,Light Night Leeds,2011-10-18,2011-10-25,Fictitious,Leeds,"59,221"
,Leeds Christmas Markets,2011-11-13,2011-11-20,Fictitious,Leeds,"240,167"
,Leeds International Film Festival,2011-11-26,2011-11-28,Fictitious,Leeds,"27,833"
,Tour de Yorkshire,2012-04-15,2012-04-16,Fictitious,Leeds,"184,722"
,Leeds 10K,2012-05-18,2012-05-19,Fictitious,Leeds,"7,140"
,Leeds Half Marathon,2012-05-23,2012-05-24,Fictitious,Leeds,"9,694"
,Leeds Pride,2012-08-05,2012-08-12,Fictitious,Leeds,"37,531"
,Leeds West Indian Carnival,2012-08-08,2012-08-11,Fictitious,Leeds,"94,521"
,Leeds Festival,2012-08-26,2012-08-28,Fictitious,Leeds,"95,096"
,Reading Festival Leeds,2012-08-28,2012-08-28,Fictitious,Leeds,"92,989"
,Leeds Food and Drink Festival,2012-09-02,2012-09-09,Fictitious,Leeds,"23,241"
,Light Night Leeds,2012-10-06,2012-10-13,Fictitious,Leeds,"63,508"
,Leeds International Film Festival,2012-11-01,2012-11-08,Fictitious,Leeds,"26,732"
,Leeds Christmas Markets,2012-11-22,2012-11-28,Fictitious,Leeds,"267,888"
,Tour de Yorkshire,2013-04-09,2013-04-10,Fictitious,Leeds,"194,196"
,Leeds 10K,2013-05-12,2013-05-13,Fictitious,Leeds,"7,470"
,Leeds Half Marathon,2013-05-25,2013-05-26,Fictitious,Leeds,"11,951"
,Leeds West Indian Carnival,2013-08-11,2013-08-14,Fictitious,Leeds,"109,432"
,Leeds Festival,2013-08-22,2013-08-25,Fictitious,Leeds,"81,031"
,Leeds Pride,2013-08-22,2013-08-28,Fictitious,Leeds,"35,261"
,Reading Festival Leeds,2013-08-27,2013-08-28,Fictitious,Leeds,"83,348"
,Leeds Food and Drink Festival,2013-09-14,2013-09-21,Fictitious,Leeds,"24,336"
,Light Night Leeds,2013-10-16,2013-10-23,Fictitious,Leeds,"59,281"
,Leeds International Film Festival,2013-11-16,2013-11-23,Fictitious,Leeds,"30,801"
,Leeds Christmas Markets,2013-11-24,2013-11-28,Fictitious,Leeds,"229,902"
,Tour de Yorkshire,2014-04-07,2014-04-08,Fictitious,Leeds,"197,825"
,Leeds 10K,2014-05-03,2014-05-04,Fictitious,Leeds,"8,539"
,Leeds Half Marathon,2014-05-04,2014-05-05,Fictitious,Leeds,"11,735"
,Leeds West Indian Carnival,2014-08-03,2014-08-06,Fictitious,Leeds,"91,320"
,Leeds Festival,2014-08-17,2014-08-20,Fictitious,Leeds,"93,539"
,Leeds Pride,2014-08-18,2014-08-25,Fictitious,Leeds,"35,801"
,Reading Festival Leeds,2014-08-24,2014-08-27,Fictitious,Leeds,"89,786"
,Leeds Food and Drink Festival,2014-09-25,2014-09-28,Fictitious,Leeds,"25,504"
,Light Night Leeds,2014-10-25,2014-10-28,Fictitious,Leeds,"56,360"
,Leeds Christmas Markets,2014-11-15,2014-11-22,Fictitious,Leeds,"275,172"
,Leeds International Film Festival,2014-11-25,2014-11-28,Fictitious,Leeds,"26,924"
,Tour de Yorkshire,2015-04-11,2015-04-12,Fictitious,Leeds,"212,539"
,Leeds Half Marathon,2015-05-08,2015-05-09,Fictitious,Leeds,"10,144"
,Leeds 10K,2015-05-21,2015-05-22,Fictitious,Leeds,"7,117"
,Leeds West Indian Carnival,2015-08-08,2015-08-11,Fictitious,Leeds,"97,192"
,Leeds Festival,2015-08-20,2015-08-23,Fictitious,Leeds,"86,440"
,Leeds Pride,2015-08-25,2015-08-28,Fictitious,Leeds,"38,287"
,Reading Festival Leeds,2015-08-26,2015-08-28,Fictitious,Leeds,"87,106"
,Leeds Food and Drink Festival,2015-09-23,2015-09-28,Fictitious,Leeds,"22,117"
,Light Night Leeds,2015-10-21,2015-10-28,Fictitious,Leeds,"56,793"
,Leeds International Film Festival,2015-11-14,2015-11-21,Fictitious,Leeds,"32,780"
,Leeds Christmas Markets,2015-11-20,2015-11-27,Fictitious,Leeds,"252,047"
,Tour de Yorkshire,2016-04-13,2016-04-14,Fictitious,Leeds,"189,356"
,Leeds 10K,2016-05-01,2016-05-02,Fictitious,Leeds,"8,863"
,Leeds Half Marathon,2016-05-23,2016-05-24,Fictitious,Leeds,"11,047"
,Leeds West Indian Carnival,2016-08-05,2016-08-08,Fictitious,Leeds,"104,954"
,Reading Festival Leeds,2016-08-08,2016-08-11,Fictitious,Leeds,"84,759"
,Leeds Pride,2016-08-20,2016-08-27,Fictitious,Leeds,"37,646"
,Leeds Festival,2016-08-27,2016-08-28,Fictitious,Leeds,"99,763"
,Leeds Food and Drink Festival,2016-09-25,2016-09-28,Fictitious,Leeds,"25,454"
,Light Night Leeds,2016-10-25,2016-10-28,Fictitious,Leeds,"60,306"
,Leeds Christmas Markets,2016-11-13,2016-11-20,Fictitious,Leeds,"255,513"
,Leeds International Film Festival,2016-11-19,2016-11-26,Fictitious,Leeds,"27,799"
,Liverpool Half Marathon,2010-03-06,2010-03-07,Fictitious,Liverpool,"7,425"
,Grand National,2010-04-04,2010-04-05,Fictitious,Liverpool,"140,539"
,Liverpool Sound City,2010-05-03,2010-05-06,Fictitious,Liverpool,"20,525"
,Africa Oye Liverpool,2010-06-09,2010-06-12,Fictitious,Liverpool,"50,438"
,Liverpool International Tennis Tournament,2010-06-26,2010-06-27,Fictitious,Liverpool,"13,614"
,Liverpool Pride,2010-07-02,2010-07-09,Fictitious,Liverpool,"21,970"
,Liverpool Biennial,2010-07-04,2010-07-11,Fictitious,Liverpool,"187,270"
,Liverpool International Music Festival,2010-08-10,2010-08-13,Fictitious,Liverpool,"41,705"
,Liverpool Food and Drink Festival,2010-09-22,2010-09-28,Fictitious,Liverpool,"32,436"
,Liverpool Christmas Markets,2010-11-11,2010-11-18,Fictitious,Liverpool,"219,932"
,Liverpool Half Marathon,2011-03-26,2011-03-27,Fictitious,Liverpool,"8,075"
,Grand National,2011-04-19,2011-04-20,Fictitious,Liverpool,"144,922"
,Liverpool Sound City,2011-05-13,2011-05-16,Fictitious,Liverpool,"20,574"
,Liverpool International Tennis Tournament,2011-06-03,2011-06-04,Fictitious,Liverpool,"13,706"
,Africa Oye Liverpool,2011-06-15,2011-06-18,Fictitious,Liverpool,"48,423"
,Liverpool Biennial,2011-07-18,2011-07-25,Fictitious,Liverpool,"182,511"
,Liverpool Pride,2011-07-24,2011-07-28,Fictitious,Liverpool,"19,984"
,Liverpool International Music Festival,2011-08-06,2011-08-09,Fictitious,Liverpool,"35,909"
,Liverpool Food and Drink Festival,2011-09-21,2011-09-28,Fictitious,Liverpool,"27,099"
,Liverpool Christmas Markets,2011-11-08,2011-11-15,Fictitious,Liverpool,"207,087"
,Liverpool Half Marathon,2012-03-12,2012-03-13,Fictitious,Liverpool,"8,059"
,Grand National,2012-04-10,2012-04-11,Fictitious,Liverpool,"167,736"
,Liverpool Sound City,2012-05-08,2012-05-11,Fictitious,Liverpool,"19,988"
,Liverpool International Tennis Tournament,2012-06-08,2012-06-09,Fictitious,Liverpool,"16,296"
,Africa Oye Liverpool,2012-06-24,2012-06-27,Fictitious,Liverpool,"52,068"
,Liverpool Pride,2012-07-10,2012-07-17,Fictitious,Liverpool,"21,323"
,Liverpool Biennial,2012-07-15,2012-07-22,Fictitious,Liverpool,"193,808"
,Liverpool International Music Festival,2012-08-12,2012-08-15,Fictitious,Liverpool,"44,681"
,Liverpool Food and Drink Festival,2012-09-21,2012-09-28,Fictitious,Liverpool,"31,053"
,Liverpool Christmas Markets,2012-11-21,2012-11-28,Fictitious,Liverpool,"215,545"
,Liverpool Half Marathon,2013-03-09,2013-03-10,Fictitious,Liverpool,"8,634"
,Grand National,2013-04-10,2013-04-11,Fictitious,Liverpool,"132,789"
,Liverpool Sound City,2013-05-19,2013-05-22,Fictitious,Liverpool,"18,286"
,Africa Oye Liverpool,2013-06-19,2013-06-22,Fictitious,Liverpool,"48,572"
,Liverpool International Tennis Tournament,2013-06-24,2013-06-25,Fictitious,Liverpool,"15,627"
,Liverpool Pride,2013-07-08,2013-07-15,Fictitious,Liverpool,"20,513"
,Liverpool Biennial,2013-07-24,2013-07-28,Fictitious,Liverpool,"209,431"
,Liverpool International Music Festival,2013-08-10,2013-08-13,Fictitious,Liverpool,"41,333"
,Liverpool Food and Drink Festival,2013-09-10,2013-09-17,Fictitious,Liverpool,"32,077"
,Liverpool Christmas Markets,2013-11-23,2013-11-28,Fictitious,Liverpool,"190,505"
,Liverpool Half Marathon,2014-03-09,2014-03-10,Fictitious,Liverpool,"8,794"
,Grand National,2014-04-27,2014-04-28,Fictitious,Liverpool,"155,696"
,Liverpool Sound City,2014-05-15,2014-05-18,Fictitious,Liverpool,"20,661"
,Liverpool International Tennis Tournament,2014-06-13,2014-06-14,Fictitious,Liverpool,"16,682"
,Africa Oye Liverpool,2014-06-21,2014-06-24,Fictitious,Liverpool,"55,283"
,Liverpool Pride,2014-07-12,2014-07-19,Fictitious,Liverpool,"18,651"
,Liverpool Biennial,2014-07-18,2014-07-25,Fictitious,Liverpool,"196,118"
,Liverpool International Music Festival,2014-08-14,2014-08-17,Fictitious,Liverpool,"41,827"
,Liverpool Food and Drink Festival,2014-09-02,2014-09-09,Fictitious,Liverpool,"30,572"
,Liverpool Christmas Markets,2014-11-14,2014-11-21,Fictitious,Liverpool,"181,600"
,Liverpool Half Marathon,2015-03-16,2015-03-17,Fictitious,Liverpool,"8,897"
,Grand National,2015-04-09,2015-04-10,Fictitious,Liverpool,"132,291"
,Liverpool Sound City,2015-05-15,2015-05-18,Fictitious,Liverpool,"18,825"
,Africa Oye Liverpool,2015-06-04,2015-06-07,Fictitious,Liverpool,"52,098"
,Liverpool International Tennis Tournament,2015-06-26,2015-06-27,Fictitious,Liverpool,"15,206"
,Liverpool Pride,2015-07-07,2015-07-14,Fictitious,Liverpool,"20,580"
,Liverpool Biennial,2015-07-24,2015-07-28,Fictitious,Liverpool,"210,876"
,Liverpool International Music Festival,2015-08-15,2015-08-18,Fictitious,Liverpool,"43,314"
,Liverpool Food and Drink Festival,2015-09-24,2015-09-28,Fictitious,Liverpool,"27,346"
,Liverpool Christmas Markets,2015-11-02,2015-11-09,Fictitious,Liverpool,"221,420"
http://www.wikidata.org/entity/Q21995530,2016 British Artistic Gymnastics Championships,2016-01-01,,Sports,Liverpool,"8,000"
,Liverpool Half Marathon,2016-03-10,2016-03-11,Fictitious,Liverpool,"8,473"
,Grand National,2016-04-28,2016-04-28,Fictitious,Liverpool,"156,688"
,Liverpool Sound City,2016-05-01,2016-05-04,Fictitious,Liverpool,"21,914"
,Liverpool International Tennis Tournament,2016-06-03,2016-06-04,Fictitious,Liverpool,"16,046"
,Africa Oye Liverpool,2016-06-16,2016-06-19,Fictitious,Liverpool,"44,300"
,Liverpool Biennial,2016-07-14,2016-07-21,Fictitious,Liverpool,"207,436"
,Liverpool Pride,2016-07-22,2016-07-28,Fictitious,Liverpool,"21,226"
,Liverpool International Music Festival,2016-08-07,2016-08-10,Fictitious,Liverpool,"44,793"
,Liverpool Food and Drink Festival,2016-09-10,2016-09-17,Fictitious,Liverpool,"28,752"
,Liverpool Christmas Markets,2016-11-10,2016-11-17,Fictitious,Liverpool,"223,804"
,London Fashion Week,2010-02-03,2010-02-10,Fictitious,London,"80,999"
,London Book Fair,2010-03-09,2010-03-16,Fictitious,London,"22,397"
,London Marathon,2010-04-20,2010-04-21,Fictitious,London,"664,776"
,Chelsea Flower Show,2010-05-08,2010-05-15,Fictitious,London,"143,024"
http://www.wikidata.org/entity/Q476638,2010 Wimbledon Championships,2010-06-21,2010-07-04,Sports,London,"490,000"
,London Pride,2010-06-24,2010-06-28,Fictitious,London,"306,090"
,RHS Hampton Court Palace Garden Festival,2010-07-09,2010-07-16,Fictitious,London,"120,797"
,Notting Hill Carnival,2010-08-13,2010-08-16,Fictitious,London,"946,713"
,Thames Festival,2010-09-08,2010-09-15,Fictitious,London,"82,729"
,London Film Festival,2010-10-09,2010-10-16,Fictitious,London,"146,770"
,London Jazz Festival,2010-11-04,2010-11-07,Fictitious,London,"39,870"
,Christmas Lights Switch-On - Oxford Street,2010-11-11,2010-11-18,Fictitious,London,"181,354"
,Lord Mayor's Show,2010-11-12,2010-11-19,Fictitious,London,"591,086"
,Guy Fawkes Night - Victoria Embankment,2010-11-14,2010-11-21,Fictitious,London,"51,156"
,London International Horse Show,2010-12-03,2010-12-04,Fictitious,London,"98,757"
,New Year's Eve Fireworks,2010-12-17,2010-12-24,Fictitious,London,"102,615"
,London Fashion Week,2011-02-27,2011-02-28,Fictitious,London,"82,469"
,London Book Fair,2011-03-19,2011-03-26,Fictitious,London,"27,258"
,London Marathon,2011-04-07,2011-04-08,Fictitious,London,"788,883"
,Chelsea Flower Show,2011-05-19,2011-05-26,Fictitious,London,"177,162"
,London Pride,2011-06-19,2011-06-26,Fictitious,London,"292,756"
http://www.wikidata.org/entity/Q245073,2011 Wimbledon Championships,2011-06-20,2011-07-03,Sports,London,"490,000"
,RHS Hampton Court Palace Garden Festival,2011-07-20,2011-07-27,Fictitious,London,"117,786"
,Notting Hill Carnival,2011-08-21,2011-08-24,Fictitious,London,"1,080,186"
,Thames Festival,2011-09-13,2011-09-20,Fictitious,London,"85,030"
,London Film Festival,2011-10-25,2011-10-28,Fictitious,London,"153,725"
,London Jazz Festival,2011-11-09,2011-11-12,Fictitious,London,"42,244"
,Guy Fawkes Night - Victoria Embankment,2011-11-13,2011-11-20,Fictitious,London,"48,579"
,Christmas Lights Switch-On - Oxford Street,2011-11-14,2011-11-21,Fictitious,London,"183,591"
,Lord Mayor's Show,2011-11-17,2011-11-24,Fictitious,London,"593,014"
,New Year's Eve Fireworks,2011-12-05,2011-12-12,Fictitious,London,"96,973"
http://www.wikidata.org/entity/Q58819280,4th International SWAT4LS conference,2011-12-07,2011-12-07,Sports,London,400
,London International Horse Show,2011-12-28,2011-12-28,Fictitious,London,"86,337"
http://www.wikidata.org/entity/Q280865,2012 FINA Diving World Cup,2012-01-01,,Sports,London,"8,000"
http://www.wikidata.org/entity/Q284435,gymnastics at the 2012 Summer Olympics — women's artistic team all-around,2012-01-01,,Sports,London,"18,000"
http://www.wikidata.org/entity/Q374383,tennis at the 2012 Summer Olympics — men's doubles,2012-01-01,,Sports,London,"30,000"
http://www.wikidata.org/entity/Q829370,tennis at the 2012 Summer Olympics — women's singles,2012-01-01,,Sports,London,"30,000"
http://www.wikidata.org/entity/Q840683,tennis at the 2012 Summer Olympics — mixed doubles,2012-01-01,,Sports,London,"30,000"
http://www.wikidata.org/entity/Q841622,tennis at the 2012 Summer Olympics — women's doubles,2012-01-01,,Sports,London,"30,000"
http://www.wikidata.org/entity/Q916174,cycling at the 2012 Summer Olympics — men's road time trial,2012-01-01,,Sports,London,"180,000"
http://www.wikidata.org/entity/Q3764536,2012 Gymnastics Olympic Test Event,2012-01-10,2012-01-18,Sports,London,"9,000"
,London Fashion Week,2012-02-28,2012-02-28,Fictitious,London,"77,343"
,London Book Fair,2012-03-11,2012-03-18,Fictitious,London,"23,275"
,London Marathon,2012-04-23,2012-04-24,Fictitious,London,"758,089"
,Chelsea Flower Show,2012-05-03,2012-05-10,Fictitious,London,"168,905"
,London Pride,2012-06-08,2012-06-15,Fictitious,London,"335,807"
http://www.wikidata.org/entity/Q289587,2012 Wimbledon Championships,2012-06-25,2012-07-08,Sports,London,"490,000"
http://www.wikidata.org/entity/Q721620,football at the 2012 Summer Olympics — women's tournament,2012-07-25,2012-08-09,Sports,London,"70,000"
http://www.wikidata.org/entity/Q47608,football at the 2012 Summer Olympics — men's tournament,2012-07-26,2012-08-11,Sports,London,"70,000"
http://www.wikidata.org/entity/Q775427,handball at the 2012 Summer Olympics — women's tournament,2012-07-27,2012-08-11,Sports,London,"22,000"
http://www.wikidata.org/entity/Q1140736,badminton at the 2012 Summer Olympics — men's singles,2012-07-28,2012-08-05,Sports,London,"15,000"
http://www.wikidata.org/entity/Q1337276,badminton at the 2012 Summer Olympics — men's doubles,2012-07-28,2012-08-05,Sports,London,"15,000"
http://www.wikidata.org/entity/Q1345726,badminton at the 2012 Summer Olympics — women's singles,2012-07-28,2012-08-04,Sports,London,"15,000"
http://www.wikidata.org/entity/Q1414502,badminton at the 2012 Summer Olympics — mixed doubles,2012-07-28,2012-08-03,Sports,London,"15,000"
http://www.wikidata.org/entity/Q1464256,badminton at the 2012 Summer Olympics — women's doubles,2012-07-28,2012-08-04,Sports,London,"15,000"
http://www.wikidata.org/entity/Q265038,volleyball at the 2012 Summer Olympics — women's tournament,2012-07-28,2012-08-11,Sports,London,"25,000"
http://www.wikidata.org/entity/Q30822,tennis at the 2012 Summer Olympics,2012-07-28,2012-08-05,Sports,London,"30,000"
http://www.wikidata.org/entity/Q426154,handball at the 2012 Summer Olympics — men's tournament,2012-07-28,2012-08-12,Sports,London,"22,000"
http://www.wikidata.org/entity/Q581788,tennis at the 2012 Summer Olympics — men's singles,2012-07-28,2012-08-05,Sports,London,"30,000"
http://www.wikidata.org/entity/Q655463,basketball at the 2012 Summer Olympics — women's tournament,2012-07-28,2012-08-11,Sports,London,"35,000"
http://www.wikidata.org/entity/Q754412,cycling at the 2012 Summer Olympics — men's road race,2012-07-28,,Sports,London,"180,000"
http://www.wikidata.org/entity/Q749036,basketball at the 2012 Summer Olympics — men's tournament,2012-07-29,2012-08-12,Sports,London,"35,000"
http://www.wikidata.org/entity/Q843287,cycling at the 2012 Summer Olympics — women's road race,2012-07-29,,Sports,London,"180,000"
http://www.wikidata.org/entity/Q843441,volleyball at the 2012 Summer Olympics — men's tournament,2012-07-29,2012-08-12,Sports,London,"25,000"
http://www.wikidata.org/entity/Q848659,water polo at the 2012 Summer Olympics — men's tournament,2012-07-29,2012-08-12,Sports,London,"12,000"
http://www.wikidata.org/entity/Q843846,water polo at the 2012 Summer Olympics — women's tournament,2012-07-30,2012-08-09,Sports,London,"12,000"
http://www.wikidata.org/entity/Q939000,cycling at the 2012 Summer Olympics — women's road time trial,2012-08-01,,Sports,London,"180,000"
http://www.wikidata.org/entity/Q2000988,athletics at the 2012 Summer Olympics — women's marathon,2012-08-05,,Sports,London,"80,000"
,Notting Hill Carnival,2012-08-06,2012-08-09,Fictitious,London,"968,843"
http://www.wikidata.org/entity/Q1064845,swimming at the 2012 Summer Olympics — women's marathon 10 kilometre,2012-08-09,,Sports,London,"12,000"
http://www.wikidata.org/entity/Q2268451,swimming at the 2012 Summer Olympics — men's marathon 10 kilometre,2012-08-10,,Sports,London,"12,000"
http://www.wikidata.org/entity/Q1798983,athletics at the 2012 Summer Olympics — men's marathon,2012-08-12,,Sports,London,"80,000"
,Thames Festival,2012-09-21,2012-09-28,Fictitious,London,"94,064"
,London Film Festival,2012-10-03,2012-10-10,Fictitious,London,"155,389"
,Christmas Lights Switch-On - Oxford Street,2012-11-01,2012-11-08,Fictitious,London,"221,783"
,London Jazz Festival,2012-11-05,2012-11-08,Fictitious,London,"47,553"
,Lord Mayor's Show,2012-11-08,2012-11-15,Fictitious,London,"560,356"
,Guy Fawkes Night - Victoria Embankment,2012-11-15,2012-11-22,Fictitious,London,"50,349"
,New Year's Eve Fireworks,2012-12-06,2012-12-13,Fictitious,London,"100,945"
,London International Horse Show,2012-12-17,2012-12-18,Fictitious,London,"84,340"
,London Fashion Week,2013-02-07,2013-02-14,Fictitious,London,"83,927"
,London Book Fair,2013-03-16,2013-03-23,Fictitious,London,"24,373"
,London Marathon,2013-04-08,2013-04-09,Fictitious,London,"740,857"
,Chelsea Flower Show,2013-05-27,2013-05-28,Fictitious,London,"143,457"
,London Pride,2013-06-05,2013-06-12,Fictitious,London,"300,685"
http://www.wikidata.org/entity/Q13415317,2013 Aegon Championships,2013-06-08,2013-06-16,Sports,London,"97,000"
http://www.wikidata.org/entity/Q559726,2013 Wimbledon Championships,2013-06-24,2013-07-07,Sports,London,"490,000"
,RHS Hampton Court Palace Garden Festival,2013-07-07,2013-07-14,Fictitious,London,"132,352"
,Notting Hill Carnival,2013-08-07,2013-08-10,Fictitious,London,"1,040,842"
,Thames Festival,2013-09-08,2013-09-15,Fictitious,London,"93,987"
,London Film Festival,2013-10-12,2013-10-19,Fictitious,London,"173,343"
,Lord Mayor's Show,2013-11-11,2013-11-18,Fictitious,London,"531,028"
,Guy Fawkes Night - Victoria Embankment,2013-11-18,2013-11-25,Fictitious,London,"54,329"
,London Jazz Festival,2013-11-22,2013-11-25,Fictitious,London,"47,599"
,Christmas Lights Switch-On - Oxford Street,2013-11-24,2013-11-28,Fictitious,London,"188,642"
,London International Horse Show,2013-12-22,2013-12-23,Fictitious,London,"89,684"
,New Year's Eve Fireworks,2013-12-25,2013-12-28,Fictitious,London,"110,138"
,London Fashion Week,2014-02-02,2014-02-09,Fictitious,London,"83,096"
,London Book Fair,2014-03-21,2014-03-28,Fictitious,London,"24,753"
,London Marathon,2014-04-09,2014-04-10,Fictitious,London,"805,697"
,Chelsea Flower Show,2014-05-25,2014-05-28,Fictitious,London,"161,255"
,London Pride,2014-06-03,2014-06-10,Fictitious,London,"318,416"
http://www.wikidata.org/entity/Q16969058,2014 Aegon Championships,2014-06-09,2014-06-15,Sports,London,"97,000"
http://www.wikidata.org/entity/Q15854765,2014 Wimbledon Championships,2014-06-23,2014-07-06,Sports,London,"490,000"
,RHS Hampton Court Palace Garden Festival,2014-07-25,2014-07-28,Fictitious,London,"126,622"
,Notting Hill Carnival,2014-08-23,2014-08-26,Fictitious,London,"1,104,797"
,Thames Festival,2014-09-27,2014-09-28,Fictitious,London,"95,795"
,London Film Festival,2014-10-20,2014-10-27,Fictitious,London,"150,957"
,Guy Fawkes Night - Victoria Embankment,2014-11-01,2014-11-08,Fictitious,London,"52,163"
,Christmas Lights Switch-On - Oxford Street,2014-11-17,2014-11-24,Fictitious,London,"212,574"
,London Jazz Festival,2014-11-18,2014-11-21,Fictitious,London,"40,538"
,Lord Mayor's Show,2014-11-18,2014-11-25,Fictitious,London,"561,136"
,New Year's Eve Fireworks,2014-12-01,2014-12-08,Fictitious,London,"102,374"
,London International Horse Show,2014-12-18,2014-12-19,Fictitious,London,"82,057"
,London Fashion Week,2015-02-25,2015-02-28,Fictitious,London,"75,956"
,London Book Fair,2015-03-09,2015-03-16,Fictitious,London,"22,837"
,London Marathon,2015-04-01,2015-04-02,Fictitious,London,"796,585"
,Chelsea Flower Show,2015-05-05,2015-05-12,Fictitious,London,"145,730"
http://www.wikidata.org/entity/Q124540980,"Joly Braga Santos Piano Concerto Op. 52, London, 6 June 2015",2015-06-06,2015-06-06,Music,London,"1,800"
http://www.wikidata.org/entity/Q19870230,2015 Aegon Championships,2015-06-15,2015-06-21,Sports,London,"97,000"
,London Pride,2015-06-28,2015-06-28,Fictitious,London,"271,894"
http://www.wikidata.org/entity/Q18410121,2015 Wimbledon Championships,2015-06-29,2015-07-12,Sports,London,"490,000"
,RHS Hampton Court Palace Garden Festival,2015-07-07,2015-07-14,Fictitious,London,"126,132"
http://www.wikidata.org/entity/Q20405792,2015 Saudi Super Cup,2015-08-12,,Sports,London,"12,000"
,Notting Hill Carnival,2015-08-21,2015-08-24,Fictitious,London,"897,136"
,Thames Festival,2015-09-02,2015-09-09,Fictitious,London,"84,147"
,London Film Festival,2015-10-02,2015-10-09,Fictitious,London,"168,821"
,Guy Fawkes Night - Victoria Embankment,2015-11-04,2015-11-11,Fictitious,London,"52,180"
,Lord Mayor's Show,2015-11-08,2015-11-15,Fictitious,London,"529,035"
,London Jazz Festival,2015-11-14,2015-11-17,Fictitious,London,"39,943"
,Christmas Lights Switch-On - Oxford Street,2015-11-17,2015-11-24,Fictitious,London,"219,806"
,New Year's Eve Fireworks,2015-12-16,2015-12-23,Fictitious,London,"88,467"
,London International Horse Show,2015-12-19,2015-12-20,Fictitious,London,"91,646"
http://www.wikidata.org/entity/Q124030508,Muse at The O2 Arena 2016,2016-01-01,2016-01-01,Music,London,"20,000"
,London Fashion Week,2016-02-03,2016-02-10,Fictitious,London,"86,822"
http://www.wikidata.org/entity/Q25385902,ESL Pro League Season 3,2016-02-09,2016-05-15,Sports,London,"14,500"
http://www.wikidata.org/entity/Q48837874,ESL Pro League Season 2,2016-02-09,2016-05-15,Sports,London,"14,500"
,London Book Fair,2016-03-24,2016-03-28,Fictitious,London,"25,368"
,London Marathon,2016-04-06,2016-04-07,Fictitious,London,"785,665"
,Chelsea Flower Show,2016-05-16,2016-05-23,Fictitious,London,"177,158"
http://www.wikidata.org/entity/Q24262960,2016 Aegon Championships,2016-06-13,2016-06-19,Sports,London,"97,000"
,London Pride,2016-06-21,2016-06-28,Fictitious,London,"275,518"
http://www.wikidata.org/entity/Q20127632,2016 Wimbledon Championships,2016-06-27,2016-07-10,Sports,London,"490,000"
,RHS Hampton Court Palace Garden Festival,2016-07-13,2016-07-20,Fictitious,London,"134,260"
,Notting Hill Carnival,2016-08-21,2016-08-24,Fictitious,London,"921,073"
,Thames Festival,2016-09-02,2016-09-09,Fictitious,London,"96,588"
,London Film Festival,2016-10-18,2016-10-25,Fictitious,London,"145,593"
,London Jazz Festival,2016-11-03,2016-11-06,Fictitious,London,"41,961"
,Guy Fawkes Night - Victoria Embankment,2016-11-18,2016-11-25,Fictitious,London,"53,010"
,Lord Mayor's Show,2016-11-23,2016-11-28,Fictitious,London,"618,878"
,Christmas Lights Switch-On - Oxford Street,2016-11-28,2016-11-28,Fictitious,London,"206,014"
,London International Horse Show,2016-12-08,2016-12-09,Fictitious,London,"96,147"
,New Year's Eve Fireworks,2016-12-12,2016-12-19,Fictitious,London,"109,089"
,Manchester Half Marathon,2010-05-02,2010-05-03,Fictitious,Manchester,"15,892"
,Parklife Festival Manchester,2010-06-17,2010-06-20,Fictitious,Manchester,"70,550"
,Manchester International Festival,2010-07-07,2010-07-14,Fictitious,Manchester,"108,316"
,Manchester Jazz Festival,2010-07-08,2010-07-11,Fictitious,Manchester,"37,039"
http://www.wikidata.org/entity/Q4618936,2010 World Lacrosse Championship,2010-07-15,2010-07-24,Sports,Manchester,"8,500"
,Manchester Pride,2010-08-28,2010-08-28,Fictitious,Manchester,"74,915"
,Manchester Food and Drink Festival,2010-09-26,2010-09-28,Fictitious,Manchester,"53,421"
,Manchester Literary Festival,2010-10-18,2010-10-25,Fictitious,Manchester,"13,967"
,Manchester Science Festival,2010-10-27,2010-10-28,Fictitious,Manchester,"53,012"
,Manchester International Fireworks Competition,2010-11-07,2010-11-14,Fictitious,Manchester,"26,124"
,Manchester Christmas Markets,2010-11-22,2010-11-28,Fictitious,Manchester,"525,943"
http://www.wikidata.org/entity/Q42305826,QED,2011-01-01,,Sports,Manchester,"1,200"
,Manchester Half Marathon,2011-05-02,2011-05-03,Fictitious,Manchester,"13,380"
,Parklife Festival Manchester,2011-06-27,2011-06-28,Fictitious,Manchester,"81,048"
,Manchester Jazz Festival,2011-07-18,2011-07-21,Fictitious,Manchester,"39,506"
,Manchester International Festival,2011-07-22,2011-07-28,Fictitious,Manchester,"118,014"
,Manchester Pride,2011-08-04,2011-08-11,Fictitious,Manchester,"88,478"
,Manchester Food and Drink Festival,2011-09-10,2011-09-17,Fictitious,Manchester,"49,076"
,Manchester Science Festival,2011-10-03,2011-10-10,Fictitious,Manchester,"66,139"
,Manchester Literary Festival,2011-10-09,2011-10-16,Fictitious,Manchester,"13,676"
,Manchester Christmas Markets,2011-11-08,2011-11-15,Fictitious,Manchester,"471,873"
,Manchester International Fireworks Competition,2011-11-28,2011-11-28,Fictitious,Manchester,"23,583"
,Manchester Half Marathon,2012-05-16,2012-05-17,Fictitious,Manchester,"15,010"
http://www.wikidata.org/entity/Q4707938,Alan Turing Centenary Conference,2012-06-22,2012-06-25,Sports,Manchester,800
,Parklife Festival Manchester,2012-06-22,2012-06-25,Fictitious,Manchester,"72,388"
,Manchester International Festival,2012-07-14,2012-07-21,Fictitious,Manchester,"117,439"
,Manchester Jazz Festival,2012-07-14,2012-07-17,Fictitious,Manchester,"36,961"
,Manchester Pride,2012-08-19,2012-08-26,Fictitious,Manchester,"75,127"
,Manchester Food and Drink Festival,2012-09-24,2012-09-28,Fictitious,Manchester,"55,945"
,Manchester Literary Festival,2012-10-12,2012-10-19,Fictitious,Manchester,"16,371"
,Manchester Science Festival,2012-10-28,2012-10-28,Fictitious,Manchester,"56,203"
,Manchester Christmas Markets,2012-11-05,2012-11-12,Fictitious,Manchester,"520,602"
,Manchester International Fireworks Competition,2012-11-16,2012-11-23,Fictitious,Manchester,"23,506"
http://www.wikidata.org/entity/Q20806161,2013 World Taekwondo Grand Prix,2013-01-01,,Sports,Manchester,"4,500"
,Manchester Half Marathon,2013-05-28,2013-05-28,Fictitious,Manchester,"15,112"
,Parklife Festival Manchester,2013-06-05,2013-06-08,Fictitious,Manchester,"75,477"
,Manchester Jazz Festival,2013-07-15,2013-07-18,Fictitious,Manchester,"37,598"
,Manchester International Festival,2013-07-28,2013-07-28,Fictitious,Manchester,"126,597"
,Manchester Pride,2013-08-20,2013-08-27,Fictitious,Manchester,"71,163"
,Manchester Food and Drink Festival,2013-09-18,2013-09-25,Fictitious,Manchester,"51,942"
,Manchester Literary Festival,2013-10-08,2013-10-15,Fictitious,Manchester,"14,530"
,Manchester Science Festival,2013-10-14,2013-10-21,Fictitious,Manchester,"59,793"
,Manchester Christmas Markets,2013-11-10,2013-11-17,Fictitious,Manchester,"494,866"
,Manchester International Fireworks Competition,2013-11-28,2013-11-28,Fictitious,Manchester,"22,304"
,Manchester Half Marathon,2014-05-02,2014-05-03,Fictitious,Manchester,"16,658"
,Parklife Festival Manchester,2014-06-04,2014-06-07,Fictitious,Manchester,"84,654"
,Manchester Jazz Festival,2014-07-03,2014-07-06,Fictitious,Manchester,"39,454"
,Manchester International Festival,2014-07-22,2014-07-28,Fictitious,Manchester,"124,419"
,Manchester Pride,2014-08-03,2014-08-10,Fictitious,Manchester,"78,449"
,Manchester Food and Drink Festival,2014-09-16,2014-09-23,Fictitious,Manchester,"45,857"
,Manchester Literary Festival,2014-10-06,2014-10-13,Fictitious,Manchester,"14,777"
,Manchester Science Festival,2014-10-07,2014-10-14,Fictitious,Manchester,"65,250"
,Manchester International Fireworks Competition,2014-11-21,2014-11-28,Fictitious,Manchester,"24,541"
,Manchester Christmas Markets,2014-11-25,2014-11-28,Fictitious,Manchester,"552,288"
,Manchester Half Marathon,2015-05-03,2015-05-04,Fictitious,Manchester,"16,264"
,Parklife Festival Manchester,2015-06-05,2015-06-08,Fictitious,Manchester,"75,629"
,Manchester International Festival,2015-07-21,2015-07-28,Fictitious,Manchester,"108,434"
,Manchester Jazz Festival,2015-07-28,2015-07-28,Fictitious,Manchester,"43,417"
,Manchester Pride,2015-08-19,2015-08-26,Fictitious,Manchester,"81,252"
,Manchester Food and Drink Festival,2015-09-10,2015-09-17,Fictitious,Manchester,"46,612"
,Manchester Science Festival,2015-10-02,2015-10-09,Fictitious,Manchester,"55,170"
,Manchester Literary Festival,2015-10-18,2015-10-25,Fictitious,Manchester,"15,732"
,Manchester Christmas Markets,2015-11-01,2015-11-08,Fictitious,Manchester,"494,994"
,Manchester International Fireworks Competition,2015-11-09,2015-11-16,Fictitious,Manchester,"22,264"
,Manchester Half Marathon,2016-05-03,2016-05-04,Fictitious,Manchester,"15,342"
,Parklife Festival Manchester,2016-06-20,2016-06-23,Fictitious,Manchester,"74,444"
,Manchester Jazz Festival,2016-07-04,2016-07-07,Fictitious,Manchester,"35,685"
,Manchester International Festival,2016-07-13,2016-07-20,Fictitious,Manchester,"126,572"
,Manchester Pride,2016-08-11,2016-08-18,Fictitious,Manchester,"88,346"
,Manchester Food and Drink Festival,2016-09-02,2016-09-09,Fictitious,Manchester,"50,950"
,Manchester Science Festival,2016-10-01,2016-10-08,Fictitious,Manchester,"66,988"
,Manchester Literary Festival,2016-10-20,2016-10-27,Fictitious,Manchester,"16,741"
,Manchester International Fireworks Competition,2016-11-11,2016-11-18,Fictitious,Manchester,"26,626"
,Manchester Christmas Markets,2016-11-19,2016-11-26,Fictitious,Manchester,"559,531"
,Oxford Literary Festival,2010-03-20,2010-03-27,Fictitious,Oxford,"26,538"
,May Morning Oxford,2010-05-06,2010-05-13,Fictitious,Oxford,"12,558"
,Cowley Road Carnival,2010-06-08,2010-06-11,Fictitious,Oxford,"16,281"
,Oxfordshire Arts Week,2010-06-26,2010-06-28,Fictitious,Oxford,"28,122"
,Oxford Pride,2010-07-28,2010-07-28,Fictitious,Oxford,"13,451"
,Creation Records Exhibition Oxford,2010-08-16,2010-08-23,Fictitious,Oxford,"5,337"
,Oxford Folk Festival,2010-09-17,2010-09-20,Fictitious,Oxford,"8,893"
,Oxford Beer Festival,2010-09-28,2010-09-28,Fictitious,Oxford,"10,098"
,Oxford Half Marathon,2010-10-23,2010-10-24,Fictitious,Oxford,"4,750"
,Oxford Christmas Market,2010-11-16,2010-11-23,Fictitious,Oxford,"108,766"
,Oxford Literary Festival,2011-03-21,2011-03-28,Fictitious,Oxford,"24,652"
,May Morning Oxford,2011-05-01,2011-05-08,Fictitious,Oxford,"10,692"
,Oxfordshire Arts Week,2011-06-06,2011-06-13,Fictitious,Oxford,"28,637"
,Cowley Road Carnival,2011-06-14,2011-06-17,Fictitious,Oxford,"13,357"
,Oxford Pride,2011-07-25,2011-07-28,Fictitious,Oxford,"16,044"
,Creation Records Exhibition Oxford,2011-08-09,2011-08-16,Fictitious,Oxford,"4,806"
,Oxford Folk Festival,2011-09-11,2011-09-14,Fictitious,Oxford,"8,709"
,Oxford Beer Festival,2011-09-20,2011-09-27,Fictitious,Oxford,"8,964"
,Oxford Half Marathon,2011-10-23,2011-10-24,Fictitious,Oxford,"4,728"
,Oxford Christmas Market,2011-11-15,2011-11-22,Fictitious,Oxford,"100,925"
http://www.wikidata.org/entity/Q24883365,2012 IQA Summer Games,2012-01-01,,Sports,Oxford,"3,000"
,Oxford Literary Festival,2012-03-02,2012-03-09,Fictitious,Oxford,"23,221"
,May Morning Oxford,2012-05-26,2012-05-28,Fictitious,Oxford,"10,721"
,Oxfordshire Arts Week,2012-06-01,2012-06-08,Fictitious,Oxford,"30,376"
,Cowley Road Carnival,2012-06-24,2012-06-27,Fictitious,Oxford,"14,902"
,Oxford Pride,2012-07-14,2012-07-21,Fictitious,Oxford,"14,423"
,Creation Records Exhibition Oxford,2012-08-23,2012-08-28,Fictitious,Oxford,"4,876"
,Oxford Beer Festival,2012-09-21,2012-09-28,Fictitious,Oxford,"10,442"
,Oxford Folk Festival,2012-09-28,2012-09-28,Fictitious,Oxford,"8,662"
,Oxford Half Marathon,2012-10-27,2012-10-28,Fictitious,Oxford,"4,978"
,Oxford Christmas Market,2012-11-12,2012-11-19,Fictitious,Oxford,"95,978"
,Oxford Literary Festival,2013-03-18,2013-03-25,Fictitious,Oxford,"22,786"
,May Morning Oxford,2013-05-12,2013-05-19,Fictitious,Oxford,"11,639"
,Oxfordshire Arts Week,2013-06-03,2013-06-10,Fictitious,Oxford,"28,017"
,Cowley Road Carnival,2013-06-26,2013-06-28,Fictitious,Oxford,"14,572"
,Oxford Pride,2013-07-26,2013-07-28,Fictitious,Oxford,"15,027"
,Creation Records Exhibition Oxford,2013-08-03,2013-08-10,Fictitious,Oxford,"5,422"
,Oxford Folk Festival,2013-09-04,2013-09-07,Fictitious,Oxford,"8,049"
,Oxford Beer Festival,2013-09-10,2013-09-17,Fictitious,Oxford,"11,193"
,Oxford Half Marathon,2013-10-16,2013-10-17,Fictitious,Oxford,"4,692"
,Oxford Christmas Market,2013-11-25,2013-11-28,Fictitious,Oxford,"101,042"
,Oxford Literary Festival,2014-03-10,2014-03-17,Fictitious,Oxford,"24,628"
,May Morning Oxford,2014-05-05,2014-05-12,Fictitious,Oxford,"11,263"
,Cowley Road Carnival,2014-06-22,2014-06-25,Fictitious,Oxford,"16,052"
,Oxfordshire Arts Week,2014-06-27,2014-06-28,Fictitious,Oxford,"32,973"
,Oxford Pride,2014-07-27,2014-07-28,Fictitious,Oxford,"13,209"
,Creation Records Exhibition Oxford,2014-08-28,2014-08-28,Fictitious,Oxford,"5,209"
,Oxford Folk Festival,2014-09-15,2014-09-18,Fictitious,Oxford,"7,069"
,Oxford Beer Festival,2014-09-24,2014-09-28,Fictitious,Oxford,"9,016"
,Oxford Half Marathon,2014-10-18,2014-10-19,Fictitious,Oxford,"4,573"
,Oxford Christmas Market,2014-11-15,2014-11-22,Fictitious,Oxford,"110,388"
,Oxford Literary Festival,2015-03-23,2015-03-28,Fictitious,Oxford,"24,908"
http://www.wikidata.org/entity/Q19689766,European Quidditch Cup 2015,2015-04-18,2015-04-19,Sports,Oxford,"2,500"
,May Morning Oxford,2015-05-14,2015-05-21,Fictitious,Oxford,"12,189"
,Oxfordshire Arts Week,2015-06-15,2015-06-22,Fictitious,Oxford,"33,218"
,Cowley Road Carnival,2015-06-21,2015-06-24,Fictitious,Oxford,"16,730"
,Oxford Pride,2015-07-24,2015-07-28,Fictitious,Oxford,"14,274"
,Creation Records Exhibition Oxford,2015-08-18,2015-08-25,Fictitious,Oxford,"4,856"
,Oxford Beer Festival,2015-09-04,2015-09-11,Fictitious,Oxford,"10,624"
,Oxford Folk Festival,2015-09-05,2015-09-08,Fictitious,Oxford,"7,827"
,Oxford Half Marathon,2015-10-07,2015-10-08,Fictitious,Oxford,"5,506"
,Oxford Christmas Market,2015-11-28,2015-11-28,Fictitious,Oxford,"92,527"
,Oxford Literary Festival,2016-03-01,2016-03-08,Fictitious,Oxford,"27,838"
,May Morning Oxford,2016-05-26,2016-05-28,Fictitious,Oxford,"11,078"
,Cowley Road Carnival,2016-06-16,2016-06-19,Fictitious,Oxford,"16,673"
,Oxfordshire Arts Week,2016-06-21,2016-06-28,Fictitious,Oxford,"32,391"
,Oxford Pride,2016-07-19,2016-07-26,Fictitious,Oxford,"15,287"
,Creation Records Exhibition Oxford,2016-08-11,2016-08-18,Fictitious,Oxford,"5,152"
,Oxford Folk Festival,2016-09-21,2016-09-24,Fictitious,Oxford,"8,902"
,Oxford Beer Festival,2016-09-23,2016-09-28,Fictitious,Oxford,"10,894"
,Oxford Half Marathon,2016-10-17,2016-10-18,Fictitious,Oxford,"5,295"
,Oxford Christmas Market,2016-11-23,2016-11-28,Fictitious,Oxford,"93,731"
